<?xml version="1.0" encoding="UTF-8"?>
<!DOCTYPE hibernate-configuration PUBLIC
"-//Hibernate/Hibernate Configuration DTD 3.0//EN"
"http://hibernate.sourceforge.net/hibernate-configuration-3.0.dtd">
<hibernate-configuration>
	<session-factory>


		<property name="cache.provider_class">org.hibernate.cache.NoCacheProvider</property>
		<property name="show_sql">true</property>

		<property name="format_sql">true</property>
		<property name="hbm2ddl.auto">create</property>

		<property name="connection.pool_size">1</property>

		<mapping class="com.nu.model.Student" />


	</session-factory>
</hibernate-configuration>