<?xml version="1.0" encoding="UTF-8"?>

<beans xmlns="http://www.springframework.org/schema/beans"
    xmlns:xsi="http://www.w3.org/2001/XMLSchema-instance"
    xsi:schemaLocation="http://www.springframework.org/schema/beans
    http://www.springframework.org/schema/beans/spring-beans-3.0.xsd">
    
    <bean id="logic" class="com.practice.spring.logic.Logic" />
    
    <!-- <bean id="beforeAdviceTest" class="com.practice.spring.AdviceTest.AdviceTest"/> -->
    
     <!-- <bean id="AfterAdviceTest" class="com.practice.spring.AdviceTest.AdviceTest"/> -->
     
     <!-- <bean id="AfterThrowingAdviceTest" class="com.practice.spring.AdviceTest.AdviceTest"/> -->
     
     <bean id="AroundAdviceTest" class="com.practice.spring.AdviceTest.AdviceTest"/>
     
     
    <bean id="proxy" 
    	class="org.springframework.aop.framework.ProxyFactoryBean">
    
    <property name="target" ref="logic"></property>
    
    <property name="interceptorNames">
    
    <list>
    <value>AroundAdviceTest</value>
    </list>
    
    </property>
    </bean>
    </beans>